id,name,category,description,url
b6892df2-15b4-4a3f-99a8-ce5aeb6bffe5,Prisma,Database,Next-generation Node.js and TypeScript ORM.,https://www.prisma.io
1e8fd930-4818-404b-9d07-d957782addd9,Next.js,Framework,The React Framework for the Web.,https://nextjs.org
bcdde2d0-918a-4d45-a139-0bc4a9208764,Tailwind CSS,Frontend,A utility-first CSS framework for rapid UI development.,https://tailwindcss.com
06eaf3f2-6ff3-423d-8dd8-082b4212cde6,Docker,DevOps,"Platform designed to help developers build, share, and run modern applications.",https://www.docker.com
d3c082cc-c4bd-4f5c-807d-437e78060522,Kubernetes,DevOps,Production-grade container orchestration.,https://kubernetes.io
d98fc25f-d97b-4050-ad1d-c7783a83358c,PostgreSQL,Database,The world's most advanced open source relational database.,https://www.postgresql.org
55519af8-d33f-43d4-a267-e46de90e750d,Vercel,Hosting,"Develop, preview, and ship. The platform for frontend developers.",https://vercel.com
b7c56d0b-48c5-4ab1-ae7a-1dca0fc84c92,AWS EC2,Hosting,Secure and resizable compute capacity in the cloud.,https://aws.amazon.com/ec2/
6dbc2ef0-d86d-469d-bdcc-9d1ada6ad327,GitHub Actions,CI/CD,Automate your workflow from idea to production.,https://github.com/features/actions
b0776cd9-44f1-4fc2-893c-951bdf481409,GitLab CI,CI/CD,A single application for the entire software development lifecycle.,https://about.gitlab.com/stages-devops-lifecycle/continuous-integration/
db9d5c7f-8b2b-45bd-9d4d-c08d689b7991,Prometheus,Monitoring,An open-source systems monitoring and alerting toolkit.,https://prometheus.io/
a1d7eaf5-a3f6-4eba-9aa9-4efb26d9d16b,Grafana,Monitoring,The open observability platform.,https://grafana.com/
97ee410c-4f21-4dcd-b429-8f2293fd7326,React,Frontend,A JavaScript library for building user interfaces.,https://reactjs.org
6414b40f-0dfa-49d7-9e4f-6f0fe60589a8,Valibot,Validation,The modular and type safe schema library for validating structural data.,https://valibot.dev/
4147df6c-d292-4509-9706-23aa81f87a13,Redis,Database,"The open source, in-memory data store used by millions.",https://redis.io/
